path,bytes,sha256
BENCHMARK_SPEC.md,12378,bd37b0b5d886ca95335ce50e2b46690440bfa7db1726a3ff3d8886a08baa5de0
COST_ESTIMATE.md,3658,a5b8197d9080694d889c7ad8c560e7b793808749d6ce5c5c52acb3915bf23404
EVIDENCE_LIBRARY.csv,20316,4f3eb94b250c48086fb38f05c7efdf07ac54e335c472d0f03403351374544d4a
EVIDENCE_MEMO.md,10558,1c251cccc3cf9b15c6555bf50dbdff19559afca3f148afcc3a4fb8de88c42db8
EXTERNAL_VALIDATION_RESULTS.md,4279,3a4a64de437b1621974a839e8d13f1d732a5a461ada1271c6f16ed936c806913
EXTERNAL_VALIDATION_SPEC.md,5357,95ec4faf8dc9ee7cddd2c010e01cb78d4efc1d742c0c4bc7f818b4d1c9a91059
MODERATOR_WEIGHTS.csv,2674,d6772431e11b7152bc50b281eefb135bfc865a23ce8974aefa3d6e529e7d4628
PROTOCOLS_AND_PROMPTS.md,12364,da7ada40e14c45367d8cef8d47aa74395bf745af1fe688b2cc0f50d8e86a2436
RUN_CONFIG.md,3967,2099f8a5ee78efbf7893412515c9a757a4843d0f9a15d0c911df23216f4e18bd
TARGET_EVIDENCE_MAP.csv,76693,fc10978e52dbf08e11f44d54c7a013c6f7d31ed1a475e7eddd47afd39610b556
evidence/sources/academics_forecast_climate_interventions.pdf,1396146,8b7f486637848006d2c0c792717bfb3c1ca1165adc397011b43b96059a61e5a5
evidence/sources/ashokkumar_et_al_2026_nature_manuscript.pdf,11200065,09483243279551bda18ba69bbe2fa45e3e2e63b04b5d901288bf3fe9890333fc
evidence/sources/bisbee_et_al_2024.pdf,987821,98cd934c095659ebbe888af3f4e065f75a5bb52e359398c90dfcf7f70e8353c8
evidence/sources/conservative_messengers_2021.pdf,307969,fb6d6fbe0dc72da1c62450607ac1571cb2be650c96a800f26fdc290ad4680833
evidence/sources/coordinated_intervention_ensembles.pdf,13559012,8b128905165d01401ee56e76a535358c975f002f6ca03d976b4bbe1d3ed872b1
evidence/sources/cummins_2026_analytic_flexibility.pdf,584183,81394f6d7bf8650c487fec633f1e83a29ebbe48c514faa7ea69b40d82a0adfd1
evidence/sources/data63.xlsx,9447198,1d0bb713cb2eb05d75a7b05070fe12f6a7552a4b650a9570c861f062b81543c8
evidence/sources/extreme_weather_attribution_2026.pdf,545648,93d4215fecd8747111b7c3cea4cfec18faf33c6270af062947f4b97b03acecd3
evidence/sources/geiger_et_al_2024_consensus_27countries.pdf,1379520,f5bbaffbfe6e21cbc11139fea4dbc093d60d336cb5c13bcef3d294678c885c25
evidence/sources/goldwert_2026_advocacy_data.csv,23269542,18364f95be3545e5ae893cd1f3abde81896efc4a3f8b6c7030068a3a85ff4ff9
evidence/sources/goldwert_2026_codebook.pdf,133993,a96d45ac284692b605301cabec6fdfeaf9eac284555488a0a330218b1d8b956c
evidence/sources/goldwert_interventions/Binding_Moral_Foundations.docx,22378,01cb009709aebad860f31e3f356f891ad5414a896a8aa357884f409389ba6bbd
evidence/sources/goldwert_interventions/Bipartisan_Elite_Cues.docx,14334,e1c86e9441b6ec39a505f7ee774f11cc0b50019d58b3676f9495f2ee2c736674
evidence/sources/goldwert_interventions/Climate_Activist_Perspective_Taking.docx,15491,6ef859c5379cab5864e1476e9925335288448a08ed67dea353a3d9d41bd4813e
evidence/sources/goldwert_interventions/Climate_Policy_Literacy.docx,13572,bcba37602e88f715cc363c9992ba55fac45d5c002ce41c03f90a4afe7031ea33
evidence/sources/goldwert_interventions/Co-Benefits.docx,17548,e4a79bced364001943b7d05e4819f6f3ab95084784b1e056942e3e491f69d649
evidence/sources/goldwert_interventions/Collective_Efficacy_and_Emotional_Benefit.docx,20247,2ed872135b69f4860c23964edb5ed38060b30531b05e1db439bf117b3c2f70dc
evidence/sources/goldwert_interventions/Connecting_to_Ecological_Disruptions.docx,27948,a95af71068e37c07822d8861329942976027317d817f0264bc696c5d0489b195
evidence/sources/goldwert_interventions/Dynamic_Anger_Norm.docx,18812,72ee5ecf64e991aa61433ec136a8145fa8e23b9e992b612aa6d2bc3a76659801
evidence/sources/goldwert_interventions/Global_Health_Threat.docx,15063,c2e29277053f12a3a1fbc746272405f3cd61a0a79d1cb8d70ef7a139f83a1fad
evidence/sources/goldwert_interventions/Guilt-Based_Collective_Responsibility.docx,23736,9463360f8c6b96730d3f88dc245fcffbab651ac78847882c2c881797b00d58d3
evidence/sources/goldwert_interventions/Hope_and_Anger_Narratives.docx,18046,cdb83aa6512391436e883dfddce7558869ba7839c50b64aecfcc7ca725571833
evidence/sources/goldwert_interventions/Letter_to_Future_Generations.docx,16213,eb55caabf7640f07cb13767a21eb729ded9daf6a3b3916991c250eacd2c991f3
evidence/sources/goldwert_interventions/Linking_Individual_and_Structural_Change.docx,31909,c2c401088e3f674b0fe0bb9b137466a02248df274ce7d592b0f14f7f298e1931
evidence/sources/goldwert_interventions/Misperception_Correction_Risks.docx,44193,b534d7239457b6902a1b45e588b56611132bc30246a5116abd202c229ff8aa5a
evidence/sources/goldwert_interventions/Neutral_Control_Condition.docx,13136,58e02cfde3aa448b4786152689ff75a4c5ae49680f32e81284f30a30e17c7433
evidence/sources/goldwert_interventions/Shifting_Focus_from_Individual_to_Collective_Action.docx,17404,61c68985c440821e03a1a3f93e9a358e6f480fcb73ad7ab1120bca2c77e07d30
evidence/sources/goldwert_interventions/System_Justification.docx,16757,6d6e52eb168c77bfd64c12a88fc5c696be2aefeb6524a980a468918f5577d29e
evidence/sources/goldwert_interventions/Threat-Injustice-and-Efficacy.docx,18648,6d8c158cb5cf37bad8010138b3e0d61240a9654554d71c6a2e6ad93941545ac3
evidence/sources/hausfather_et_al_2020_model_accuracy.pdf,3997234,e26fa3eda3c1b8e2c48393c2be66b4f61a7aba276e4a3c08924a4a61171ab074
evidence/sources/li_ji_2026_statistical_realism.pdf,2309892,7afd9329d6d622db3812c4fe0f2fde2162e16e4dd4c05f775c102828be093469
evidence/sources/nisa_et_al_2019_behavior_meta.pdf,881124,9a16f84929d8605877d6931f556b55121dc2f7d6c57806e699a9c4bf65995190
evidence/sources/oil_misinformation_inoculation_2025.pdf,1297820,d75614516363ea170adf8c8a68d353e17fe6651383b5558a571ce520608f9ebb
evidence/sources/osf_2mcf8_data_files.json,6553,4ae9a1507bd7b0ff58e8b8cb65386c8a733ba2887d3e42863212b90afe65870c
evidence/sources/osf_2mcf8_files.json,5177,188e24fc48dbb6fec34f985a44f66c1aa7e1d08103cdb6d5cf14d376f88380d0
evidence/sources/osf_2mcf8_material_files.json,6577,988b9d3a952fbeff63d9177579ce54dccbc1bb48c7c27b656e392e8a859debe9
evidence/sources/osf_3svep.json,5422,eae60f036f6e4631d9399a005f8b6b3bef734b2f43cb59255d934a600f6b4f4d
evidence/sources/osf_3svep_file.json,1948,747512cd21be9f149c2cc5b6bb5a5466ee426da3a022a27f92511d06fcc5ecad
evidence/sources/osf_8j7n2.json,5816,9e8d96802cda7bd7396767109dbecd09794767bf3dce2b9634ddf263dd33d52a
evidence/sources/osf_8j7n2_file.json,1941,a04d122a60e8211c569dcda2ece5b7291628f8be0780ebc0f7da7830a22781b0
evidence/sources/osf_fzv6g.json,4708,6e3b9891445964166d79c9a7e43c8def99d7fd4b4b6b9311f18796a866698262
evidence/sources/osf_fzv6g_file.json,1978,6a8b1b0e0885ee572f699531031a8c0415c725442b77368af643c203a8dbdf57
evidence/sources/osf_gx7au.json,4159,5e12cf29a2c3ddd54e339441e77655f927618629108b3a5a57d90100bf2214c7
evidence/sources/osf_wv7c3_data_files.json,6514,29bc05270817617e901bd39944d0b1e87002ac6c79db13323fa734331ce7b041
evidence/sources/osf_wv7c3_files.json,9429,b5a3401461e3e9de58ef06e311446e1a45374930c6027b956076407dc31054e9
evidence/sources/osf_wv7c3_intervention_files.json,21790,2c60b00e2ef9560b0b90d6864870e659007cf8e5bafb5f85aedf2ba5fe493255
evidence/sources/osf_wv7c3_intervention_files_p2.json,16816,79d7efb3b7b08ae92af187271a4efa6b929dd514b4b5014dfc593d2392af65b9
evidence/sources/osf_wv7c3_material_files.json,3559,a007470c3684366875165eb7f0189bdd6a44f837f47f5be09435561fe7a71be1
evidence/sources/osf_ytf89_files.json,14461,5b4cdee28f711050e123e4b6eab1f01e7aed08eff405cb711b7bf9d14298cf2f
evidence/sources/rode_et_al_2021_meta_analysis.pdf,2041218,3f33362971a0d21720cb0cb0da3339abd03d0d84f44295d9eba10991f7f99b67
evidence/sources/vlasceanu_et_al_2024_global_megastudy.pdf,1809199,0fda744fcee11c8d961ee446ab98e97383caed14c0901b0cb33fcdac998ca732
evidence/sources/voelkel_2026_deidentified.csv,8853122,3d75abf3c6a78fa720a32456703be4114cfbeb2dfdcba42f9b81d36f57b87e2b
evidence/sources/voelkel_2026_manuscript.pdf,2104494,d12a02a5de55dbb1d74753f7f79eb96cecac42cc66ba89a22f19ef793479fc46
evidence/sources/voelkel_2026_questionnaire.pdf,296188,d6d4c301d9a1500fa24e0440d9277ffaf7cae6ecf24b1e0aa05a33e3c741818b
evidence/sources/voelkel_2026_questionnaire.qsf,429125,b67363dd351aa7653fde7947f492f2c9732577de54e2b70eeaeafa239540830b
evidence/sources/zenodo_10345806.json,3686,d631720f2c19ad2574c1b4ecab84cda95b5d16847611b7ef375afea45824c860
official_submission_template/FAQ.md,6653,99d42d2ecf1d9d60312f3a0f622aa942613fbc1a00929ff0dc6c2a1551af6f74
official_submission_template/README.md,25359,be1814fdb44a313b5ba675d383996e6156d0e2871b6653aff48c8f9bb496c5b2
official_submission_template/README.qmd,25249,50c3076238952c828e3c53e1a7a512696ced933fff4539a7fb9bc40b05386901
official_submission_template/codebook.csv,11276,345df300b31eccfa83ef99f7fe96e5d6046c235704fdbde135f66ccb3b89004f
official_submission_template/metadata.json,858,a8cf6386e080aabea26f639e2048859912333ac87ac4eb5ecab6a4291193ba51
official_submission_template/registration.md,7740,bd18411ab003e1c4f84bb68fd25d4d1a7554358d84d8f3f2cf3d5142511bc8ba
official_submission_template/scripts/check.R,366,7f9f8da5ac09c08e9c0b04fe8adbc0d2411dd4f666dea823629cae878a4a44e9
official_submission_template/scripts/clean.R,2460,0543c10adf88aa75438aff16fe2320eb5cdc0d5ed181ad9a9445277fdde33588
official_submission_template/scripts/manifest.R,3047,6c21206290deb4d7e8f117c0580ce58bcc3859a6dedfa2bde8dc8be62da91a57
official_submission_template/scripts/zenodo_citation.R,6392,24ebe930fcb63218b5c4e199ccdab299da718c480029a5633942ce8a318dc18a
official_submission_template/survey/condition_codenames.csv,1068,75ca9ff4ac64ec5daad34e1a07353b2852aea0fe552f0d495b61e076da84a75d
official_submission_template/survey/questionnaire.txt,75614,b9f5ab1ce8566fca5684aa6aaa66b6ed25eb6918ccdee0ba6d800296105a3e3e
official_submission_template/survey/survey.json,542684,2144815888a8413c191b5f69efe1f36a21929b77e4de4f37a7161068cc68b6c0
official_submission_template/survey/survey.qsf,413459,a672c434312d27cf803f1bc006c468dbd9eedd6a585c42fe7ae92b47f98424e1
scripts/build_fingerprint_manifest.py,1470,5394b90e2ad6966a75aa16c6ea29e904fd12244eb7f181443d671794e91609f5
scripts/build_target_evidence_map.py,5648,820509c9f7b18c0dbe4ac371a7fb8cc8058248a6194231de24672531e009d8a3
scripts/prepare_external_validation.py,4205,7d0b692174fa6792723be88ebb63f85b47620ae51b9aadae712cf7ff3eb7869b
scripts/run_external_validation.py,6425,efcf3052148d880cea0c1e37feb08d9dd39ff7595329fd510ffbe7b89e8a954e
scripts/score_external_validation.py,4334,dc5b397290b27c7547df299b10404af46627eb9f1792611553b4ac8f1a1d2615
validation/forecast_schema.json,1126,04876b54d44cfca54bd92dab00bfe1ecc3f485e5c3924c4e504468654cd781e2
validation/prompts/pilot_tier3_consensus.txt,10166,3eae28a2d19001d771a1defd088de43ab8077b343e106ae44cd67693cde7a4a8
validation/prompts/tier1_consensus_framing_1.txt,9604,525ebf12dc3e968c6ae59674e592f96aafc0ec048797b7eb48187a8a6791b78f
validation/prompts/tier1_control_baseball.txt,9668,ca32abad0942ed5e9108b3c84844dc42c6174fd2787d895390088913ad4bf6e0
validation/prompts/tier1_control_dances.txt,9920,dc038b699935d52aa20c35e459b9ed1310194eada5942d81a8de6e48beb13484
validation/prompts/tier1_control_neckties.txt,9623,826e3eade74c6c73f8a3bfa1fbd63d52749ce6473015ec5af75e73a8aa78b2c9
validation/prompts/tier1_dire_but_solvable_framing.txt,9696,2e78b03ab9963902dec14e903da6f07f6d03574a2a3ea8556e9b608596c19080
validation/prompts/tier1_purity_framing.txt,9525,de03c99982a51a29970ae07b0dc621d5ae0df1e3fc3f14722549754d7a80957d
validation/prompts/tier1_warmth_framing.txt,9380,d52db08d03640e56f54ca686f050c7e84ba526724d213cf134d77843558242da
validation/prompts/tier2_r1_consensus_framing_1.txt,10132,7fa0056d6309772f96588f503de73c9acc5e438f57662b7cb2456c441ea5c5a9
validation/prompts/tier2_r1_dire_but_solvable_framing.txt,10230,061571b463c2c9d758f96c1bc607ee3bbf8b360edab38af7585dbb2b3348e0f6
validation/prompts/tier2_r1_purity_framing.txt,10048,28ac75963ef9834d7370162f2fa62f2264b39f095a9869a22ff50dd409fae397
validation/prompts/tier2_r1_warmth_framing.txt,9903,fcc81cce0f80accf1ed56c9b917bbcf141dfc814023d7eb25fc53db5d0b079c3
validation/prompts/tier2_r2_consensus_framing_1.txt,10132,7fa0056d6309772f96588f503de73c9acc5e438f57662b7cb2456c441ea5c5a9
validation/prompts/tier2_r2_dire_but_solvable_framing.txt,10230,061571b463c2c9d758f96c1bc607ee3bbf8b360edab38af7585dbb2b3348e0f6
validation/prompts/tier2_r2_purity_framing.txt,10048,28ac75963ef9834d7370162f2fa62f2264b39f095a9869a22ff50dd409fae397
validation/prompts/tier2_r2_warmth_framing.txt,9903,fcc81cce0f80accf1ed56c9b917bbcf141dfc814023d7eb25fc53db5d0b079c3
validation/prompts/tier3_r1_dire_but_solvable_framing.txt,10264,08ae8c5de69453822f9b6898926492bb521631ef0b48bbd81b4947dcceec1bfe
validation/prompts/tier3_r1_purity_framing.txt,10082,7b2bd70db79549a690e2e9536dc32d11e9e8784c6ddb9f1cae45e0891556c942
validation/prompts/tier3_r1_warmth_framing.txt,9937,83fabcf533a40e18bb10d453fbeca8cca1cd33a9b390633c7b62f45bbb32a30c
validation/prompts/tier3_r2_consensus_framing_1.txt,10166,3eae28a2d19001d771a1defd088de43ab8077b343e106ae44cd67693cde7a4a8
validation/prompts/tier3_r2_dire_but_solvable_framing.txt,10264,08ae8c5de69453822f9b6898926492bb521631ef0b48bbd81b4947dcceec1bfe
validation/prompts/tier3_r2_purity_framing.txt,10082,7b2bd70db79549a690e2e9536dc32d11e9e8784c6ddb9f1cae45e0891556c942
validation/prompts/tier3_r2_warmth_framing.txt,9937,83fabcf533a40e18bb10d453fbeca8cca1cd33a9b390633c7b62f45bbb32a30c
validation/tier1_schema.json,866,5a39caa6396868ff8e439026b3ee885af99654faaf02cc3240a47f23136ce518
validation/validation_usage.json,196,0a221ec627d67a6d1d2eb2481a13e634f59fe0342a2dfebdd7a2a13bb457ce3a
